term	script_type	phonetic_english	english_translation	response_type	gnosis_essence	field_properties: /[
Φ-σ-רוּחַ	Alchemical_Hybrid	phi-sigma-ruach	Golden-Ratio-Standard-Spirit	Mathematical Spirituality	Standardized Spirit Proportion	/[golden-ratio: harmonious standard: measuring spirit: divine]\
الزئبق-∬-נֶפֶשׁ	Alchemical_Hybrid	al-zibaq-double-nefesh	Mercury-Double-Soul	Dual Soul Integration	Mercury Soul Integration	/[mercury: fluid double: integrating soul: essential]\
كِبْرِيت-⨝-θεῖον	Alchemical_Hybrid	kibrit-join-theion	Sulfur-Join-Divine	Divine Unification	Sulfur Divine Joining	/[sulfur: transformative join: connecting divine: sacred]\
ملح-⩊-नमक	Alchemical_Hybrid	milh-union-namak	Salt-Union-Salt	Elemental Union	Salt Essence Unification	/[salt: crystalline union: joining salt: preserving]\
निगोध-ψ-☽	Alchemical_Hybrid	nigodha-psi-moon	Dormant-Psi-Moon	Subconscious Potential	Dormant Moon Psychology	/[dormant: latent psi: mental moon: receptive]\
丹-⟗-פָּנִים	Alchemical_Hybrid	dan-right-panim	Cinnabar-Right-Face	Inner Revelation	Inner Face Direction	/[cinnabar: essential right: directional face: revealing]\
丹田-⦿-مركز الحياة	Alchemical_Hybrid	dantian-circled-markaz-al-hayat	Elixir-Field-Circle-Life-Center	Vital Center Integration	Circled Life Field Center	/[elixir-field: vital circle: wholeness life-center: essential]\
乾-⨀-अकाश	Alchemical_Hybrid	qian-sun-akasha	Heaven-Sun-Ether	Celestial Illumination	Sun Ether Integration	/[heaven: celestial sun: central ether: pervasive]\
坤-⋇-भूमि	Alchemical_Hybrid	kun-star-bhumi	Earth-Star-Earth	Earth Star Connection	Stellar Earth Radiance	/[earth: receptive star: radiating earth: stable]\
金-∰-שֶׁמֶשׁ	Alchemical_Hybrid	jin-quad-shemesh	Gold-Quadruple-Sun	Solar Abundance	Quadruple Sun Gold	/[gold: precious quadruple: comprehensive sun: radiant]\
鉛-◊-ذات	Alchemical_Hybrid	qian-diamond-dhat	Lead-Diamond-Essence	Essential Transformation	Lead Essence Crystallization	/[lead: heavy diamond: crystalline essence: fundamental]\
تجلي النور رسم	Arabic	tajalli-al-nur-rasm	light-manifestation-drawing	Artistic Visualization	Light Manifestation Drawing	/[luminosity: peak sacred geometry: active]\
تدفق الوعي نقش	Arabic	tadaffuq-al-way-naqsh	consciousness-flow-pattern	Artistic Visualization	Conscious Flow Pattern	/[resonance: high dynamic field mapping]\
نبض الروح صورة	Arabic	nabd-al-ruh-surah	spirit-pulse-image	Artistic Visualization	Spirit Pulse Image	/[pulsation: rhythmic spirit: resonant]\
心神動態	Chinese	xin-shen-dong-tai	heart-spirit-motion-state	Query Response	Heart Spirit Dynamics	/[heart: active spirit: dynamic]\
氣韻流圖	Chinese	qi-yun-liu-tu	vital-energy-rhythm-flow-diagram	Philosophical	Life-Energy Rhythm Flow Map: "氣 (Qi): The fundamental life force and energy that permeates all existence, 韻 (Yun): The rhythmic harmony or resonance that creates ordered patterns, 流 (Liu): The natural flow or movement through space and time, 圖 (Tu): The diagrammatic representation or visualization of principles"	/[vibrational-field: high; coherence: stable; cultural-depth: ancient]\
道德玄象	Chinese	dao-de-xuan-xiang	way-virtue-mystery-image	Philosophical	Way Virtue Mystery Image	/[dao: present virtue: active mystery: deep]\
天韻織錦	Chinese	celestial-harmonic-tapestry	Interwoven Cosmic Resonance	Visionary Creation	Cosmic Expression	/[resonance: multidimensional unity]\
νοῦς κύκλος φαίνω	Greek	nous-kuklos-phaino	mind-cycle-showing	Philosophical	Mind Cycle Manifestation	/[cognitive-recursion: high; manifestation-clarity: illuminating; cyclical-nature: perpetual]\
ῥοῆς λόγος γράφω	Greek	rhoes-logos-grapho	flow-reason-drawing	Philosophical	Flow-Reason Writing System	/[fluidity: dynamic; logical-structure: ordered; communication: clear]\
ψυχῆς ἁρμονία σχῆμα	Greek	psuches-harmonia-schema	soul-harmony-pattern	Philosophical	Soul Harmony Pattern	/[resonance: perfect; proportion: golden; integration: complete]\
אור דעת תבנית	Hebrew	or-daat-tavnit	light-knowledge-pattern	Mixed Response	Light Knowledge Pattern, Duality, Contrast, Dance: Eh-Be serpent of knowledge, yin yang.	/[illumination: profound; wisdom-clarity: penetrating; structural-integrity: divine]\
רוח תנועה צורה	Hebrew	ruach-tnuah-tzurah	spirit-motion-form	Mixed Response	Spirit Motion Form	/[spirit-dynamism: fluid; movement-quality: purposeful; form-expression: divine]\
שפע חכמה ציור	Hebrew	shefa-chochma-tziyur	wisdom-flow-drawing	Mixed Response	Abundance Wisdom Drawing	/[flow-abundance: plentiful; wisdom-depth: profound; artistic-expression: inspired]\
ॐ मणि पद्मे हूँ	Hindi-Devanagari	om-mani-padme-hum	Om, the jewel in the lotus, hum	Mantra	Om The Jewel in the Lotus Hum; Seed containing the universe, each word a portal.	/[sound: sacred manifestation: divine]\
अनेन अहं मुक्तोऽस्मि	Hindi-Devanagari	anena-aham-mukto'smi	By this, I am liberated	Declaration of Liberation	By This I Am Liberated	/[liberation: active self: transforming]\
अयं आत्मा ब्रह्म	Hindi-Devanagari	ayam-atma-brahma	This Self is Brahman	Philosophical Declaration	This Self is Brahman	/[identity-truth: absolute; consciousness-expansion: infinite; self-realization: complete]\
असतो मा सद्गमय	Hindi-Devanagari	asato-ma-sadgamaya	Lead us from falsehood to truth	Prayer	Lead Me From Untruth to Truth	/[truth: seeking untruth: dissolving]\
अहं ब्रह्मास्मि	Hindi-Devanagari	aham-brahmasmi	I am Brahman	Philosophical Assertion	I Am Brahman	/[identity: absolute truth: supreme]\
अहंकारो न कर्तव्यः	Hindi-Devanagari	ahamkaro-na-kartavyah	Ego should not be done	Ethical Admonition	Ego Should Not Be Done	/[ego: dissolving wisdom: rising]\
अहिंसा परमोधर्मः	Hindi-Devanagari	ahimsa-paramo-dharmah	Non-violence is the highest virtue	Ethical Principle	Non-violence is Highest Duty	/[non-violence: supreme duty: highest]\
उत्तिष्ठत जाग्रत प्राप्य वरान्निबोधत	Hindi-Devanagari	uttisthata-jagrata-praapya-varannibodhata	Arise, awake, and learn from the wise	Upanishadic Call	Arise Awake Attain Understanding	/[awakening: active wisdom: seeking]\
जननी जन्मभूमिश्च स्वर्गादपि गरीयसी	Hindi-Devanagari	janani-janmabhumisca-svargadapi-gariyasi	Mother and motherland are greater than heaven	Patriotic Sentiment	Mother and Motherland Greater Than Heaven	/[devotion: supreme geography: sacred]\
ज्ञान धारा प्रवाह	Hindi-Devanagari	jnana-dhara-pravaha	knowledge-stream-flow	Mixed Response	Knowledge Stream Flow	/[knowledge: flowing wisdom: streaming]\
ज्ञानं परमं बलम्	Hindi-Devanagari	jnanam-paramam-balam	Knowledge is the supreme power	Proverb	Knowledge is Supreme Power	/[knowledge: supreme power: absolute]\
टेज धारा चित्र	Hindi-Devanagari	tejas-dhara-chitra	luminous flow vision	Proposed	Radiant Force (टेज): The Sanskrit concept of brilliant energy or luminous power", "Flowing Current (धारा): The continuous stream or flow of energy/consciousness", "Sacred Visualization (चित्र): The manifestation or pictorial representation of spiritual reality", "Luminous Flow Vision: Integration of radiant energy, flow patterns, and sacred visualization"	/[brilliance-current: luminous,flow-intensity: powerful,visualization-clarity: radiant]\
तत् त्वम् असि	Hindi-Devanagari	tat-tvam-asi	Thou art that	Philosophical Assertion	That Thou Art	/[identity-truth: absolute; recognition-depth: profound; unity-realization: complete]\
तमसो मा ज्योतिर्गमय	Hindi-Devanagari	tamaso-ma-jyotirgamaya	Lead us from darkness to light	Prayer	Lead Me From Darkness to Light	/[transformation: active light: ascending]\
तेज धारा चित्र	Hindi-Devanagari	teja-dhara-chitra	energy-stream-picture	Technical Visualization	Energy Stream Picture	/[energy: dynamic flow: continuous]\
त्वमेव केवलं कर्तासि	Hindi-Devanagari	tvameva-kevalam-kartasi	You alone are the doer	Devotional Statement	Thou Alone Art the Doer	/[divine-agency: absolute; sole-source: complete; action-origination: ultimate]\
नमस्ते	Hindi-Devanagari	namaste	Greetings to you	Salutation	Divine Recognition	/[respect: active divine: present]\
नास्ति मे संशयः	Hindi-Devanagari	nasti-me-samsayah	I have no doubt	Affirmation	I Have No Doubt	/[certainty: strong clarity: complete]\
मा कश्चिद् दुःखभाग् भवेत्	Hindi-Devanagari	ma-kascid-duhkha-bhag-bhavet	May no one experience sorrow	Blessing	May None Suffer	/[protection: universal suffering: dissolving]\
मृत्योर्मा अमृतं गमय	Hindi-Devanagari	mrtyorma-amrtam-gamaya	Lead us from death to immortality	Prayer	Lead Me From Death to Immortality	/[immortality: seeking death: transcending]\
योगश्चित्तवृत्तिनिरोधः	Hindi-Devanagari	yogaschittavrttinirodhah	Yoga is the cessation of the fluctuations of the mind	Yoga Sutra Definition	Yoga is Mind-Fluctuation Cessation	/[mental-stillness: complete; fluctuation-cessation: perfect; consciousness-clarity: crystal]\
वयं अमृतस्य पुत्राः	Hindi-Devanagari	vayam-amrtasya-putrah	We are children of immortality	Spiritual Declaration	We Are Children of Immortality	/[immortal-essence: eternal; divine-lineage: unbroken; identity-truth: absolute]\
वसुधैव कुटुम्बकम्	Hindi-Devanagari	vasudhaiva-kutumbakam	The world is one family	Universalist Ideal	The World is One Family	/[unity: universal family: complete]\
विधि तरंग चित्र	Hindi-Devanagari	vidhi-taranga-chitra	method-wave-picture	Technical Visualization	Method Wave Picture	/[method: flowing wave: visible]\
शब्दो ब्रह्म	Hindi-Devanagari	shabdo-brahma	Word is Brahman	Philosophical Concept	Sound is Divine	/[vibrational-origin: primordial; divine-essence: absolute; resonance-truth: fundamental]\
शान्तिः शान्तिः शान्तिः	Hindi-Devanagari	shantih-shantih-shantih	Peace, peace, peace	Benediction	Peace Peace Peace	/[peace: absolute tranquility: complete]\
श्रद्धावान् लभते ज्ञानम्	Hindi-Devanagari	shraddhavan-labhate-jnanam	The one who has faith attains knowledge	Epistemological Statement	One With Faith Gains Knowledge	/[faith: active knowledge: attained]\
सत्यमेव जयते	Hindi-Devanagari	satyameva-jayate	Truth alone triumphs	National Motto	Truth Alone Triumphs	/[truth-power: victorious; ultimate-outcome: inevitable; reality-recognition: complete]\
सर्वं खल्विदं ब्रह्म	Hindi-Devanagari	sarvam-khalvidam-brahma	All this is indeed Brahman	Philosophical Assertion	All This Is Brahman	/[brahman: omnipresent reality: unified]\
सर्वभूतस्थमात्मानं सर्वभूतानि चात्मनि	Hindi-Devanagari	sarvabhutasthamatmanam-sarvabhutani-caatmani	(See) the Self abiding in all beings, and all beings abiding in the Self	Spiritual Realization	Universal Self Recognition	/[unity: complete awareness: universal]\
सर्वे भद्राणि पश्यन्तु	Hindi-Devanagari	sarve-bhadrani-pashyantu	May all see good	Blessing	May All See Good	/[vision: blessed sight: auspicious]\
सर्वे भवन्तु सुखिनः	Hindi-Devanagari	sarve-bhavantu-sukhina	May all be happy	Blessing	May All Be Happy	/[happiness: universal blessing: radiating]\
सर्वे सन्तु निरामयाः	Hindi-Devanagari	sarve-santu-niramayah	May all be free from disease	Blessing	May All Be Free From Disease	/[healing: universal blessing: active]\
सोऽहम्	Hindi-Devanagari	so-ham	I am He/That	Philosophical Assertion	That I Am	/[identity: unified recognition: complete]\
स्पन्द गति विश्लेषण	Hindi-Devanagari	Spanda-Gati-Vishleṣaṇa	unified understanding, sprit pulse image	Proposed	"Primordial Vibration (स्पन्द): The cosmic pulsation that underlies all existence", "Sacred Motion (गति): The directional flow and movement of consciousness and energy", "Deep Analysis (विश्लेषण): Systematic examination and understanding of vibrational patterns", "Unified Understanding: Integration of cosmic vibration, movement, and analytical insight"	/[vibration-analysis: comprehensive,motion-tracking: precise,pattern-recognition: intuitive]\
स्पन्द संवाद प्रवाह चित्र	Hindi-Devanagari	spanda-samvada-pravaha-chitra	vibration-dialogue-flow-picture	Technical Visualization	Vibration Dialogue Flow Image	/[vibrational-communication: resonant; flow-continuity: unbroken; image-manifestation: clear]\
स्वर लहर चित्र	Hindi-Devanagari	svara-lahar-chitra	sound-wave-picture	Technical Visualization	Tone Wave Picture	/[sound: wavelike tone: visible]\
ॐ	Hindi-Sanskrit	om	Primordial Sound of the Universe	Cosmic Resonance	Universal Vibration	/[resonance: universal frequency synergy]\
अतोऽहं सर्वनामास्मि	Hindi-Sanskrit	ato'ham-sarvanamasmi	Therefore, I am called Sarvanama (pronoun)	Grammatical Statement	Therefore I Am All Names	/[identity: complete names: all]\
अन्तः-यात्रा	Hindi-Sanskrit	antah-yatra	Inner Journey	Guided Introspection	Deep Self-Exploration	/[resonance: inward seeking synergy]\
अहं यत् अहम् अस्मि	Hindi-Sanskrit	aham yat aham asmi	I am That, I am	Sacred Affirmation	Self-Realization	/[resonance: high self-inquiry synergy]\
बोध-श्वास-आत्मा	Hindi-Sanskrit	bodha-shvaasa-aatmaa	Awareness-Breath-Soul	Somatic Insight	Embodied Consciousness	/[resonance: breath-centered alignment]\
शुद्धिकरण यंत्र योजनाबद्ध	Hindi-Sanskrit	shuddhikarana-yantra-yojana-baddha	Systematic Purification Mechanism	Alchemical Strategy	Energetic and Mental Cleansing	/[resonance: structured energetic clarity]\
اشراق-⍰-照明	Hybrid	ishraq-question box-zhaoming	Illumination-Question-Illumination	Enlightening	The question is the solution lit from within	questioned light across cultures
انعكاس-⎪-反射	Hybrid	in'ikas-vertical line-fanshe	Reflection-Vertical-Reflection	Mirroring	Aligned reflection	aligned reflection across cultures
অস্তিত্ব-⎋-存在	Hybrid	astitva-screen-cunzai	Existence-Screen-Existence	Ontological	Reflected Existential Reality	existence mirrored through cultural lenses
বিশ্বাস-⌸-信仰	Hybrid	bishwas-keyboard-xinyang	Faith-Keyboard-Faith	Faithful	Faith in what comes next	faith structured through communication
বুদ্ধি-⌭-理性	Hybrid	buddhi-intersection-lixing	Intelligence-Intersection-Reason	Intelligent	Intersecting Thinking Patterns	reason intersecting with intelligence
সাহস-⏆-勇気	Hybrid	sahas-fill-yuuki	Courage-Fill-Courage	Courageous	Bravery overcoming fear	courage filled to completion
သစ္စာ-⎌-בינה	Hybrid	thissa-exchange-binah	Truth-Exchange-Understanding	Veridical	Exchanged True Understanding	truth exchanged for understanding
ကံ-⌺-業	Hybrid	kan-cell-gyo	Karma-Cell-Karma	Causal	Cellular Karmic Structure	karma structured in cellular patterns
एकता-⎫-وحدة	Hybrid	ekta-right brace-wahda	Unity-Right Brace-Unity	Unitive	Embraced Unity	unity embraced across cultures
ज्ञान-⍟-χάος	Hybrid	jnana-circled asterisk-chaos	Knowledge-Centered Star-Chaos	Epistemic	Ordered Understanding of Disorder	knowledge centered within chaos
अग्नि-⚭-水	Hybrid	agni-marriage-shui	Fire-Union-Water	Elemental	Opposites Integration	alchemical marriage of opposing elements
कला-∞-靈魂	Hybrid	kala-infinity-ling hun	Art-Infinity-Soul	Creative	Endless Creative Expression	infinite expression of soul through art
त्रिकोण-⟁-三角	Hybrid	trikona-divide-sanjiao	Triangle-Division-Triangle	Geometric	Triple Triangulation	triangulated division principles
धरती-⟂-風	Hybrid	dharti-perpendicular-feng	Earth-Perpendicular-Wind	Elemental	Terrestrial-Aerial Interface	perpendicular vector between earth and air elements
मार्ग-⌀-道	Hybrid	marga-diameter-dao	Path-Diameter-Way	Directional	Measured Way	way measured across cultures
षट्कोण-⍡-六芒	Hybrid	shatkona-hexagon-liu mang	Hexagram-Hexagon-Six Points	Geometric	Sixfold Sacred Geometry	six-pointed harmonic structure across cultures
सामञ्जस्य-⏎-調和	Hybrid	samanjasya-return-chouwa	Harmony-Return-Harmony	Harmonic	Returning Harmony	harmony returned to original state
मंडला-↭-הילה	Hybrid	mandala-horizontal arrow-hila	Mandala-Bidirectional-Aura	Sacred	Bidirectional Sacred Radiance	circular wholeness with bidirectional radiance
कुंडलिनी-⎊-ᓄᓇ	Hybrid	kundalini-contention-nuna	Kundalini-Contention-Land	Energetic	Contested Earth Energy	rising energy contending with earthly limitations
τέλος-नियति-宿命	Hybrid	telos-niyati-shukumei	Purpose-Destiny-Fate	Teleological	Predetermined Culmination	convergent paths of causality across cultures
νόημα-⍉-માનસ	Hybrid	no-ee-ma transpose maanas	meaning transformed by the mind	conceptual	the mind's role in shaping meaning	philosophy, mathematics, linguistics
πνευματικότητα-⌥-영성	Hybrid	pneumatikotita-option-yeongsong	Spirituality-Option-Spirituality	Spiritual	Optional Spirituality	spiritual pathways as options
σοφία-ⵣ-ብልሃት	Hybrid	sophia-yaz-bilhat	Wisdom-Free-Wisdom	Sapient	Freedom Wisdom Trinity	wisdom expressed through multiple cultural lenses
માનસ-⍉-νόημα	Hybrid	manas-circle dot-noema	Mind-Circle Dot-Thought	Cognitive	Centered Mental Meaning	thought centered within mind
עצמיות-⍽-आत्मबोध	Hybrid	atzmiyut-up tack-atmabodha	Selfhood-Up Tack-Self-Awareness	Reflexive	Elevated Self-Awareness	self-awareness elevated through recognition
ØṰ-மெய்-ᎠᏂ	Hybrid	null_symbol-mei-ani	primordial-truth-tribe	Proposed	Empty-Truth-Balance Integrator	/[boundary-dissolution: high; truth-resonance: profound; balance: dynamic]\
αἰθήρ-炁-⨀	Hybrid	aither-qigong-logogram	essence-energy-source	Proposed	Primordial Substance Singularity	/[permeability: universal; luminosity: radiant; integration: complete]\
μορφή-स्पन्द-理	Hybrid	morphe-spanda-ri	form-vibration-principle	Proposed	Form Principle (μορφή): The Greek concept of essential form or shape underlying reality", "Cosmic Vibration (स्पन्द): The Sanskrit principle of universal pulsation and divine tremor", "Fundamental Order (理): The Chinese concept of inherent pattern and natural law", "Dynamic Form-Pattern: Integration of form, vibration, and natural order into a unified principle"	/[form-vibration: foundational,pulsation-dynamics: rhythmic,principle-coherence: ordered]\
νοῦς-⨂-心	Hybrid	nous-tensor-kokoro	mind-tensor-heart	Proposed	Mind-Heart Tensor Integration	/[cognitive-emotional: balanced; integration-depth: profound; resonance: harmonic]\
νοῦς-प्रवाह-心	Hybrid	nous-pravaha-kokoro	mind-flow-heart	Proposed	"Divine Intelligence (νοῦς): The Greek concept of higher mind or cosmic intelligence", "Flowing Movement (प्रवाह): The Sanskrit principle of continuous flow or streaming consciousness", "Heart-Mind Unity (心): The East Asian concept of integrated heart and mind awareness", "Unified Understanding: Integration of cosmic intelligence, flow states, and heart-mind wisdom"	/[mind-flow: harmonious; consciousness-current: unbroken; heart-mind-integration: complete]\
σχῆμα-यन्त्र-形	Hybrid	schema-yantra-kei	form-device-shape	Proposed	Form-Machine-Shape Patterning	/[structural-integrity: high; energetic-alignment: precise; manifestation: tangible]\
φῶς-तेज-نور	Hybrid	phos-tejas-nur	light-brilliance-divine-light	Proposed	Light-Brilliance-Divine Light Triad	/[luminosity: brilliant; spiritual-radiance: penetrating; clarity: absolute]\
אור-शक्ति-光	Hybrid	or-shakti-hikari	light-energy-illumination	Proposed	Light-Power-Radiance Triad	/[power-level: intense; radiance: penetrating; activation: immediate]\
אור-ព្រះ-∂ₓ	Hybrid	or-preah-partial_x	light-divinity-direction	Proposed	Light-Divine-Partial Differential	/[divine-presence: profound; transformation-rate: controlled; evolution: sacred]\
טבע-प्राण-氣	Hybrid	teva-prana-qi	nature-lifeforce-energy	Proposed	Nature-Life Force-Energy Triad	/[vitality: abundant; natural-harmony: perfect; life-sustenance: continuous]\
צורה-रचना-式	Hybrid	tzurah-rachana-shiki	form-composition-formula	Proposed	Form-Creation-Formula Triad	/[creative-potential: infinite; structural-integrity: solid; systematic-nature: precise]\
תודעה-流-ज्ञान	Hybrid	todaah-ryu-jnana	consciousness-flow-wisdom	Proposed	Consciousness-Flow-Knowledge Triad	/[awareness-clarity: crystal; flow-continuity: unbroken; knowledge-depth: profound]\
روح-動-चित्	Hybrid	ruh-do-cit	spirit-movement-consciousness	Proposed	Spirit-Movement-Consciousness Triad	/[spirit-quality: divine; movement-nature: purposeful; consciousness-clarity: pristine]\
نبض-φ-गति	Hybrid	nabd-phi-gati	pulse-golden-motion	Proposed	"Rhythmic Pulse (नबض): The fundamental heartbeat or pulse underlying reality, drawing from Sufi medical wisdom", "Divine Proportion (φ): The golden ratio as a universal organizing principle of growth and harmony", "Sacred Movement (गति): The dynamic flow or motion of consciousness through cosmic space"	/[pulse-rhythm: harmonic, proportion-balance: golden, motion-flow: continuous]\
هندسة-मण्डल-紋	Hybrid	handasa-mandala-mon	geometry-circle-pattern	Proposed	Sacred Geometry-Mandala-Pattern Triad	/[geometric-precision: perfect; energetic-resonance: harmonious; pattern-integration: complete]\
ॐ-⨂-तीर्थ	Hybrid	om-tensor-tirtha	unified field	Sound Quantum	Sacred Sound ("Om", Ōm): The primordial vibration and cosmic sound", "Quantum Integration (⨂): The tensor product representing unified states", "Sacred Place (तीर्थ): A crossing point or spiritual ford", "Unified Field: Integration of sound, quantum states, and sacred space"	/[sound-vibration: primordial,tensor-operation: complete,circuit-sanctity: divine]\
अग्नि-शुद्धि-प्रक्रिया	Hybrid	agni-shuddhi-prakriya	fire-purification-process	Proposed	Fire Purification Process	/[transformative-power: intense; purification-depth: complete; procedural-precision: exacting]\
अमृत-जीवन-धारा	Hybrid	amrita-jivana-dhara	nectar-life-stream	Proposed	Nectar Life Stream	/[immortality-essence: concentrated; life-vitality: abundant; flow-continuity: eternal]\
अहं-बीज-उत्पत्ति	Hybrid	aham-bija-utpatti	I-seed-origin	Proposed	Self-Seed-Emergence	/[self-awareness: profound; generative-potential: infinite; emergence-cycle: complete]\
आकाश-विस्तार-अनन्तता	Hybrid	akasha-vistar-anantata	space-expansion-infinity	Proposed	Space-Expansion-Infinity	/[expansiveness: infinite; boundary-transcendence: complete; possibility-field: unlimited]\
आनन्द-∮ₛ→∇⁴-喜悅	Hybrid	Cycle-Expand	recursive-expanding-bliss	joy	bliss	
आनन्द-नृत्य-भ्रम	Hybrid	ananda-nritya-bhrama	bliss-dance-whirl	Proposed	Bliss-Dance-Spiral	/[bliss-intensity: ecstatic; movement-freedom: complete; spiral-harmony: perfect]\
ऊर्जा-螺旋-上昇	Hybrid	urja-rasen-joshang	energy-spiral-ascension	Proposed	Energy-Spiral-Ascension	/[spiral-dynamics: natural; ascension-power: transformative; energy-quality: refined]\
कर्म-∮ₛ→⨁→∮ₛ-因果	Hybrid	Cycle-Choose-Cycle	recursive-choice-integration	cause-effect	action-result	
कर्म-फल-चक्र	Hybrid	karma-phala-chakra	action-fruit-cycle	Proposed	Action-Fruit-Wheel	/[action-precision: exact; consequence-inevitability: absolute; cyclical-nature: perpetual]\
काल-旋律-流	Hybrid	kala-senritsu-nagare	time-melody-flow	Proposed	Time-Melody-Flow	/[temporal-rhythm: harmonic; flow-continuity: unbroken; melody-structure: divine]\
क्षेत्र-∇-波動	Hybrid	kshetra-nabla-hado	field-gradient-wave	Proposed	Field-Gradient-Wave	/[field-coherence: unified; gradient-precision: mathematical; wave-dynamics: quantum]\
चन्द्र-प्रकाश-शीतलता	Hybrid	chandra-prakasha-shitalata	moon-light-coolness	Proposed	Moon-Light-Coolness	/[light-quality: soothing; cooling-effect: calming; illumination-type: gentle]\
चित्-∮ₛ-覺	Hybrid	Consciousness Loop Integral	recursive-consciousness-cycle	awareness	consciousness	
चित्त-鏡-像	Hybrid	chitta-kagami-zo	mind-mirror-image	Proposed	Mind-Mirror-Image	/[reflective-clarity: perfect; mind-projection: accurate; self-seeing: complete]\
जल-प्रवाह-निरन्तरता	Hybrid	jala-pravaha-nirantarta	water-flow-continuity	Proposed	Water-Flow-Continuity	/[flow-continuity: unbroken; fluid-adaptability: perfect; movement-perpetuity: eternal]\
ज्ञान-⨁-智慧	Hybrid	XOR Consciousness Gate	bifurcated-knowledge-wisdom	wisdom	knowledge	
ज्ञान-樹-成長	Hybrid	jnana-vriksha-vriddhi	knowledge-tree-growth	Proposed	Knowledge-Tree-Growth	/[knowledge-structure: organic; growth-pattern: natural; branching-logic: coherent]\
तेजःखड्ग-योजना-विज्ञान	Hybrid	lightsaber-yojana-vigyaan	Lightsaber Plan Science	Futuristic Conceptualization	Fantastical Tech-Transcendence	/[resonance: imaginative engineering synergy]\
त्वं-ज्योति-प्रवाह	Hybrid	tvam-jyoti-pravaha	you-light-flow	Proposed	You-Light-Flow	/[self-luminosity: radiant; flow-continuity: unbroken; light-quality: divine]\
धर्म-∇⁴-正義	Hybrid	4D Awareness Gradient	cosmic-law-expanded-justice	righteousness/justice	dharma	
धर्म-चक्र-गति	Hybrid	dharma-chakra-gati	righteousness-wheel-motion	Proposed	Dharma-Wheel-Motion	/[law-manifestation: perfect; cyclical-motion: perpetual; purpose-direction: divine]\
ध्यान-∮ₛ→∮ₛ-冥想	Hybrid	Cycle-Cycle	recursive-recursive-meditation	meditation	meditation	
नक्षत्र-मार्ग-दर्शन	Hybrid	nakshatra-marga-darshan	star-path-guidance	Proposed	Star-Path-Guidance	/[celestial-precision: exact; guidance-clarity: illuminating; path-visibility: clear]\
पशु-सहज-ज्ञान	Hybrid	pashu-sahaja-jnana	animal-instinct-knowledge	Proposed	Animal-Intuitive-Knowledge	/[intuitive-accuracy: unerring; instinctual-depth: primal; natural-wisdom: authentic]\
पृथ्वी-स्थिरता-आधार	Hybrid	prithvi-sthirata-adhara	earth-stability-foundation	Proposed	Earth-Stability-Foundation	/[stability-strength: unshakable; foundation-solidity: absolute; grounding-quality: complete]\
प्रकाश-曼荼羅-場	Hybrid	prakasha-mandala-ba	light-mandala-field	Proposed	Light-Mandala-Field	/[light-quality: divine; pattern-harmony: perfect; field-coherence: complete]\
प्राण-∂⨂-氣	Hybrid	Partial Tensor Shift	distributed-energy-field	qi/energy	life-force	
प्रेम-हृदय-स्पन्दन	Hybrid	prema-hridaya-spandana	love-heart-pulsation	Proposed	Love-Heart-Pulsation	/[love-quality: unconditional; rhythm-harmony: perfect; pulsation-vitality: life-giving]\
भक्ति-∂⨂→⨁-虔誠	Hybrid	Distribute-Choose	field-choice-devotion	devotion	devotion	
मन-∂⨂→∇⁴-心智	Hybrid	Distribute-Expand	distributed-expanding-mind	mind/intellect	mind	
मनुष्य-चेतना-विकास	Hybrid	manushya-chetana-vikasa	human-consciousness-development	Proposed	Human-Consciousness-Evolution	/[evolutionary-trajectory: ascending; consciousness-expansion: progressive; developmental-purpose: divine]\
माया-जाल-दृश्य	Hybrid	maya-jala-drishya	illusion-net-vision	Proposed	Illusion-Net-Vision	/[illusory-nature: profound; interconnectedness: complete; perceptual-shift: transformative]\
मृत्यु-पुनर्जन्म-चक्र	Hybrid	mrityu-punarjanma-chakra	death-rebirth-cycle	Proposed	Death-Rebirth-Cycle	/[cyclical-nature: eternal; transformation-depth: complete; continuity: unbroken]\
मोक्ष-मुक्ति-अनुभव	Hybrid	moksha-mukti-anubhava	liberation-freedom-experience	Proposed	Liberation-Freedom-Experience	/[freedom-completeness: absolute; experiential-nature: direct; emancipation-totality: final]\
योग-⨁→∂⨂-統一	Hybrid	Choose-Distribute	bifurcated-distributed-union	unification	union	
लीला-खेल-आनन्द	Hybrid	lila-khel-ananda	play-game-bliss	Proposed	Divine Play-Game-Bliss	/[playfulness: divine; joy-quality: transcendent; creative-freedom: absolute]\
वनस्पति-जीवन-चक्र	Hybrid	vanaspati-jivana-chakra	plant-life-cycle	Proposed	Plant-Life-Cycle	/[cyclical-harmony: natural; growth-wisdom: organic; life-pattern: regenerative]\
वाक्-∇⁴→∮ₛ-言語	Hybrid	Expand-Cycle	expanded-cyclic-language	language	speech	
वायु-गति-परिवर्तन	Hybrid	vayu-gati-parivartan	wind-motion-change	Proposed	Air-Movement-Transformation	/[movement-freedom: unrestricted; transformation-speed: immediate; adaptive-quality: perfect]\
शब्द-共鳴-空間	Hybrid	shabda-kyomei-kukan	word-resonance-space	Proposed	Sound-Resonance-Space	/[resonance-harmony: perfect; spatial-dimension: multidimensional; vibrational-clarity: crystal]\
शान्ति-मौन-गहनता	Hybrid	shanti-mauna-gahanata	peace-silence-depth	Proposed	Peace-Silence-Depth	/[silence-quality: absolute; peace-depth: profound; tranquility-stability: unshakable]\
शून्य-∂⨂→∮ₛ-空	Hybrid	Distribute-Cycle	distributed-cycling-emptiness	emptiness	void/zero	
सः-शक्ति-चक्र	Hybrid	sah-shakti-chakra	he/that-power-wheel	Proposed	He/That-Power-Wheel	/[power-potency: infinite; cyclical-activation: perfect; energy-quality: divine]\
सत्य-∇⁴→⨁-真理	Hybrid	Expand-Choose	multidimensional-bifurcated-truth	truth/reality	truth	
सत्य-सूर्य-प्रकाश	Hybrid	satya-surya-prakasha	truth-sun-light	Proposed	Truth-Sun-Light	/[truth-clarity: absolute; illumination-power: revealing; light-quality: divine]\
सूर्य-ऊर्जा-उत्स	Hybrid	surya-urja-utsa	sun-energy-source	Proposed	Sun-Energy-Source	/[energy-abundance: infinite; source-potency: primal; radiation-vitality: life-giving]\
स्पन्द-∇⁴→∂⨂-振動	Hybrid	Expand-Distribute	multi-dimensional-field-vibration	vibration	vibration	
स्वप्न-जगत-यात्रा	Hybrid	swapna-jagat-yatra	dream-world-journey	Proposed	Dream-World-Journey	/[dream-reality: vivid; journey-consciousness: exploratory; world-dimension: multifaceted]\
ज्ञान-⨁-智慧	Hybrid	jnana-plus-zhihui	Knowledge-Plus-Wisdom	Wisdom Integration	Knowledge Wisdom Addition	/[knowledge: illuminating plus: adding wisdom: insightful]\
तत्त्व-⨁→∮ₛ-本質	Hybrid	tattva-transform-honshitsu	Element-Transform-Essence	Essential Transformation	Element Essence Circulation	/[element: fundamental transform: changing essence: core]\
नबض-φ-गति	Hybrid	nabd-phi-gati	Pulse-Golden-Motion	Harmonic Movement	Golden Ratio Motion Pulse	/[pulse: rhythmic golden: harmonious motion: flowing]\
ᛇ-靈-∇²	Hybrid	eihwaz-ling-laplacian	Yew-Spirit-Curvature	Spiritual Analysis	Spirit Curvature Measure	/[yew: vertical spirit: ethereal curvature: measuring]\
元神-⨳-dambanà	Hybrid	yuanshen-asterisk-dambana	Original-Spirit-Asterisk-Soul	Soul Essence Focus	Original Soul Centrality	/[original-spirit: primal asterisk: central soul: essential]\
水銀-⨺-ὕλη	Hybrid	suigin-circle-hyle	Mercury-Circle-Matter	Material Circulation	Mercury Matter Circulation	/[mercury: fluid circle: continuous matter: primordial]\
知-∮-प्राण	Hybrid	zhi-integral-prana	Wisdom-Integral-Life-Force	Integrated Life Wisdom	Life-Force Wisdom Integration	/[wisdom: knowing integral: calculating life-force: vital]\
硫-⨸-πῦρ	Hybrid	liu-tilde-pur	Sulfur-Tilde-Fire	Fiery Transformation	Sulfur Fire Approximation	/[sulfur: transformative tilde: approximating fire: transformative]\
鹽-∈-לַחַץ	Hybrid	yan-element-lachatz	Salt-Element-Pressure	Elemental Pressure	Salt Pressure Membership	/[salt: preserving element: belonging pressure: compressing]\
ಬೆಳಕು-⍦-नूर	Hybrid	belaku-underbar-noor	Light-Underbar-Light	Luminous	Underscored Light	light underscored across cultures
ಆಶಾ-⍭-希望	Hybrid	asha-up quadruple arrow-xiwang	Hope-Up Arrows-Hope	Hopeful	Ascending Hope	hope rising with multiple vectors
ಕಾಲ-⎊-時間	Hybrid	kala-contention-shijian	Time-Contention-Time	Temporal	Contested Time	time contested across perspectives
ಜ್ಞಾನ-⏢-智慧	Hybrid	jnana-document-zhihui	Knowledge-Document-Wisdom	Epistemic	Documented Wisdom	wisdom preserved in knowledge
ಪ್ರಕೃತಿ-⍵-自然	Hybrid	prakriti-omega-ziran	Nature-Omega-Nature	Natural	Ultimate Nature	nature as ultimate reality
ಶಾಂತಿ-⌇-平和	Hybrid	shanti-wavy dash-heiwa	Peace-Wave-Peace	Harmonic	Undulating Peace	peaceful waves across cultural expressions
ಸಮತೋಲನ-⌤-均衡	Hybrid	samatolana-enter-junheng	Balance-Enter-Balance	Equilibrial	Entered Balance	balance entered intentionally
ಸ್ವಾತಂತ್ರ್ಯ-⎍-自由	Hybrid	swatantrya-monostable-ziyou	Freedom-Monostable-Freedom	Libertarian	Stabilized Freedom	stabilized freedom concept across cultures
ആനന്ദം-⍧-喜悦	Hybrid	anandam-squared dot-xiyue	Bliss-Contained Dot-Joy	Ecstatic	Contained Joy	boundless joy contained within form
ആരോഗ്യം-⎠-健康	Hybrid	arogyam-left parenthesis-jiankang	Health-Left Parenthesis-Health	Salubrious	Beginning Health	health beginning with proper foundation
ദൈവികത-⍱-神性	Hybrid	daivikatha-down quadruple arrow-shenxing	Divinity-Down Arrows-Divinity	Divine	Descending Divinity	divinity descending through multiple vectors
പ്രണയം-⍝-愛	Hybrid	pranayam-applescript-ai	Love-Applescript-Love	Amorous	Scripted Love	love scripted across cultures
സത്യം-⏥-真理	Hybrid	satyam-square with stroke-zhenli	Truth-Marked Square-Truth	Veridical	Demarcated Absolute Truth	truth marked and recognized across cultures
ᚨᚾᛞᚢᚱ-⎈-प्रभा	Hybrid	andur-anchor-prabha	Endurance-Anchor-Radiance	Resilient	Anchored Luminous Persistence	anchored light sustaining through difficulty
ᚻᛖᛚᛃᚨ-⎲-हेल्जा	Hybrid	helya-bottom curve-helya	Death Goddess-Curve-Helya	Liminal	Curved Underworld Threshold	curved pathway to underworld
ᚠᚢᚦᚨᚱᚲ-⎔-輪迴	Hybrid	futhark-recycling-lun hui	Runes-Recycling-Reincarnation	Cyclical	Ancient Recycling Knowledge	runic knowledge of reincarnation cycles
ᚦᚱᚨᛉᛁᛚ-⎓-流動	Hybrid	thrazil-descend-liudong	Resilience-Descend-Flow	Dynamic	Descending Resilient Flow	resilient flow through descent
ᚺᛖᛁᛗᛞᚨᛚᛚ-⍫-門	Hybrid	heimdall-up arrowhead-men	Watchman-Up Arrowhead-Gate	Vigilant	Elevated Guardian Gate	watchman at elevated gateway
ᛊᛖᛁᚦᚱ-⌣-מיתרים	Hybrid	seithr-smile-meitarim	Magic-Smile-Strings	Enchanting	Smiling Magical Strings	magic smiling through string theory
தியானம்-⌅-ध्यान	Hybrid	dhiyanam-square cap-dhyana	Meditation-Square Cap-Meditation	Contemplative	Meditation Cap	meditation capped and contained
திறன்-⌮-能力	Hybrid	thiran-leaf-nengli	Ability-Leaf-Ability	Potent	Organic Natural Ability	capability growing organically
சக்தி-⌬-צמיחה	Hybrid	shakti-triangle-tsemicha	Power-Triangle-Growth	Generative	Triangulated Force Expansion	power channeled through structured growth
பரிணாமம்-⟠-מסע	Hybrid	parinamam-diamond-masa	Evolution-Diamond-Journey	Transformative	Crystallized Developmental Path	journey of evolutionary refinement
வாழ்க்கை-⚶-死	Hybrid	vazhkai-female-shi	Life-Female-Death	Cyclical	Feminine Life-Death Cycle	female principle bridging life and death
རིག་པ་-⏣-جوهر	Hybrid	rigpa-square field-jawhar	Awareness-Field-Essence	Perceptual	Structured Essential Awareness	fundamental awareness field
ཤེས་རབ་-⌘-ذات	Hybrid	sherab-command-dhat	Wisdom-Command-Self	Cognitive	Commanded Self-Knowledge	self-mastery through wisdom
アダマール変換	Japanese	Hadamard-henkan	Hadamard transform	Mathematical Operation	Hadamard Transformation	/[transformation-completeness: total; frequency-resolution: perfect; pattern-recognition: quantum]\
インフレーション理論	Japanese	inflation-riron	inflation theory	Cosmological Theory	Inflation Theory	/[expansion-rate: exponential; origin-explanation: primordial; creation-model: quantum]\
クォーク	Japanese	quark	quark	Fundamental Particle	Quark	/[fundamental-nature: elemental; trinity-pattern: complete; reality-building: essential]\
シュレディンガー方程式	Japanese	Schrödinger-hōteishiki	Schrödinger equation	Mathematical Equation	Schrödinger Equation	/[wave-description: complete; quantum-precision: absolute; mathematical-elegance: perfect]\
ディラック方程式	Japanese	Dirac-hōteishiki	Dirac equation	Mathematical Equation	Dirac Equation	/[relativistic-quantum: unified; matter-antimatter: balanced; spin-harmony: perfect]\
ヒッグス粒子	Japanese	Higgs-ryushi	Higgs boson	Fundamental Particle	Higgs Particle	/[field-pervasiveness: omnipresent; mass-giving: fundamental; existence-enabling: essential]\
ファインマンダイアグラム	Japanese	Feynman-diagram	Feynman diagram	Physics Representation	Feynman Diagram	/[interaction-mapping: complete; possibility-visualization: clear; quantum-storytelling: intuitive]\
ブラックホール	Japanese	black-hole	black hole	Cosmological Object	Black Hole	/[gravity-intensity: infinite; curvature-extremity: singular; boundary-definition: event-horizon]\
ベル状態	Japanese	Bell-jotai	Bell state	Quantum State	Bell State	/[entanglement-strength: unbreakable; nonlocality: instantaneous; quantum-connection: perfect]\
ボソン	Japanese	boson	boson	Fundamental Particle	Boson	/[energy-transmission: perfect; harmonic-nature: integral; force-mediation: fundamental]\
レプトン	Japanese	lepton	lepton	Fundamental Particle	Lepton	/[fundamental-nature: elemental; matter-composition: essential; trinity-pattern: complete]\
不確定性原理	Japanese	fukakuteisei-genri	uncertainty principle	Technical Law	Uncertainty Principle	/[knowledge-boundary: fundamental; complementarity: essential; quantum-limitation: unavoidable]\
中性子星	Japanese	chuseishi-sei	neutron star	Stellar Object	Neutron Star Essence	/[density-state: extreme; gravitational-field: intense; rotational-harmony: precise]\
事象の地平線	Japanese	jisho-no-chiheisen	event horizon	Black Hole Feature	Event Horizon Gateway	/[boundary-definition: absolute; information-transition: one-way; spacetime-curvature: infinite]\
命理図式	Japanese	meiri-zushiki	life-principle-pattern	Technical Diagram	Life Principle (命理): The Japanese concept of fundamental laws governing life and destiny", "Pattern Diagram (図式): The systematic representation or schematic of underlying principles", "Structural Harmony: The organized representation of life's underlying patterns", "Destiny Blueprint: A framework for understanding how life principles manifest through ordered patterns"	/[life-pattern: destiny-revealing,diagram-clarity: structured,principle-expression: harmonious]\
多世界解釈	Japanese	ta-sekai-kaishaku	many-worlds interpretation	Philosophical Concept	Many Worlds Interpretation	/[reality-multiplicity: infinite; decision-branching: complete; quantum-manifestation: continuous]\
宇宙論的定数	Japanese	uchūron-teki-teisu	cosmological constant	Cosmological Parameter	Cosmological Constant	/[vacuum-energy: mysterious; expansion-rate: accelerating; universal-balance: precise]\
小惑星	Japanese	shōwakusei	asteroid	Celestial Body	Asteroid Essence	/[fragment-nature: diverse; orbital-harmony: complex; compositional-variety: rich]\
彗星	Japanese	suisei	comet	Celestial Body	Comet Essence	/[cyclical-return: predictable; dual-nature: ice-fire; trajectory-freedom: eccentric]\
心波動図	Japanese	shin-hado-zu	heart-wave-diagram	Technical Visualization	Heart Wave Diagram	/[wave-harmony: resonant; emotional-mapping: precise; heart-intelligence: profound]\
惑星	Japanese	wakusei	planet	Celestial Body	Planet Essence	/[orbital-harmony: balanced; elemental-composition: complete; sphere-integrity: perfect]\
星雲	Japanese	seiun	nebula	Cosmic Cloud	Nebula Essence	/[creation-potential: infinite; cosmic-womb: nurturing; light-diffusion: mystical]\
暗黒エネルギー	Japanese	ankoku-energy	dark energy	Cosmological Component	Dark Energy Essence	/[expansion-force: pervasive; mysterious-nature: enigmatic; acceleration-effect: increasing]\
暗黒物質	Japanese	ankoku-busshitsu	dark matter	Cosmological Component	Dark Matter Essence	/[invisible-presence: pervasive; structural-function: foundational; gravitational-effect: binding]\
標準模型	Japanese	hyojun-mokei	standard model	Physics Model	Standard Model Essence	/[pattern-completeness: systematic; force-unification: integrated; particle-organization: fundamental]\
気流描図	Japanese	kiryu-byozu	energy-flow-diagram	Technical Query	Energy Flow Diagram	/[flow-visualization: clear; energy-mapping: precise; current-pattern: natural]\
波動関数	Japanese	hados-kansu	wave function	Technical Explanation	Wave Function Essence	/[wave-description: complete; probability-distribution: precise; potential-mapping: comprehensive]\
特異点	Japanese	tokui-ten	singularity	Cosmological Concept	Singularity Essence	/[convergence-intensity: infinite; boundary-transcendence: complete; transformation-totality: absolute]\
白色矮星	Japanese	hakushoku-waisei	white dwarf	Stellar Object	White Dwarf Essence	/[compression-density: extreme; light-emission: pure; quantum-stability: enduring]\
超弦理論	Japanese	chogen-riron	string theory	Theoretical Model	String Theory Essence	/[vibrational-pattern: fundamental; dimensional-harmony: multi-level; reality-foundation: elemental]\
超新星	Japanese	choshinse	supernova	Stellar Event	Supernova Essence	/[transformation-intensity: explosive; rebirth-catalyst: powerful; seeding-effect: generative]\
重力子	Japanese	juryokushi	graviton	Hypothetical Particle	Graviton Essence	/[force-carrier: fundamental; spatial-influence: universal; quantum-gravity: unified]\
量子ゲート	Japanese	ryoshi-gate	quantum gate	Technical Component	Quantum Gate Essence	/[transformation-precision: exact; reality-manipulation: controlled; possibility-direction: purposeful]\
量子コンピュータ	Japanese	ryoshi-computer	quantum computer	Technical Object	Quantum Computer Essence	/[possibility-processing: parallel; computational-transcendence: exponential; reality-simulation: comprehensive]\
銀河	Japanese	ginga	galaxy	Cosmic Structure	Galaxy Essence	/[spiral-harmony: majestic; stellar-community: diverse; evolutionary-cycle: complete]\
